current x,alpha
"(4, 1)",1
"(0, -2.220446049250313e-16)",1.0000004725377067