current x,alpha
"(0.05, 0.05)",0.5025000602977934
"(-5.999780443299851e-09, -5.999780443299851e-09)",0.9798677077128719