current x,alpha
"(5e-05, 5e-05)",0.9999987322054098
"(6.313972982690055e-11, 6.313972982690055e-11)",-99.99998731157046