current x,alpha
"(0.5, 0.5)",0.7499999982234317
"(1.1843789282650619e-09, 1.1843789282650619e-09)",1.649674265433175