current x,alpha
"(0.5, 0.5)",0.33333358334695884
"(-2.0625723351486158e-11, -2.0625612329183696e-11)",-99.99998731157046