current x,alpha
"(5, 5)",1.0000000000000036
"(-1.7763568394002505e-14, -1.7763568394002505e-14)",1.0000010354913584