current x,alpha
"(5, 5)",0.24999999999999645
"(-1.2499999999999112, 1.2500000000000533)",51.87201917845597