current x,alpha
"(0.05, 0.05)",0.9900500147950598
"(5.533743803465274e-09, 5.53374379652638e-09)",0.9981723621124536