current x,alpha
"(5e-05, 5e-05)",0.49999731700331707
"(2.685496669537087e-10, 2.685496669537087e-10)",-23.60679532670455